{
    "task": "Implement scoring logic for HOLO Healing Quest quiz",
    "description": "Create a file named `calculateScores.ts` inside `src/services/` that will compute normalized scores across 8 core attunement categories based on user responses. Include logging and error handling for debugging.",
    "requirements": [
        {
            "title": "Scoring Logic",
            "details": [
                "Accept an object like `{ [questionId: string]: number }`",
                "Reference each question's category from `src/data/quizQuestions.ts`",
                "Accumulate and average values per category",
                "Scale final score to a 0–10 range (if needed)"
            ]
        },
        {
            "title": "Return Format",
            "details": [
                "Return an object like:",
                "{ mental: 8.2, emotional: 7.1, physical: 6.5, spiritual: 9.0, environmental: 5.3, social: 6.2, financial: 4.9, creative: 7.7 }"
            ]
        },
        {
            "title": "Logging",
            "details": [
                "Use `console.log()` to output each category's raw and normalized values during development",
                "Include the total count of questions per category"
            ]
        },
        {
            "title": "Error Handling",
            "details": [
                "Gracefully handle any missing question IDs (log a warning and skip)",
                "If a category has no responses, default score to 0"
            ]
        }
    ],
    "location": "src/services/calculateScores.ts"
}